INSERT INTO `shotgun`.`performer` (`idperformer`, `name`, `type`) VALUES ('1', 'Black Sabbath', '1');
INSERT INTO `shotgun`.`performer` (`idperformer`, `name`, `type`) VALUES ('2', 'Metallica', '1');
INSERT INTO `shotgun`.`performer` (`idperformer`, `name`, `type`) VALUES ('3', 'Iron Maiden', '1');
INSERT INTO `shotgun`.`performer` (`idperformer`, `name`, `type`) VALUES ('4', 'Bruce Dickinson', '2');
INSERT INTO `shotgun`.`performer` (`idperformer`, `name`, `type`) VALUES ('5', 'Dio', '2');
INSERT INTO `shotgun`.`performer` (`idperformer`, `name`, `type`) VALUES ('6', 'Judas Priest', '1');
INSERT INTO `shotgun`.`performer` (`idperformer`, `name`, `type`) VALUES ('7', 'Megadeth', '1');
INSERT INTO `shotgun`.`performer` (`idperformer`, `name`, `type`) VALUES ('8', 'Slayer', '1');
INSERT INTO `shotgun`.`performer` (`idperformer`, `name`, `type`) VALUES ('9', 'Anthrax', '1');
INSERT INTO `shotgun`.`performer` (`idperformer`, `name`, `type`) VALUES ('10', 'Ne Obliviscaris', '1');
INSERT INTO `shotgun`.`performer` (`idperformer`, `name`, `type`) VALUES ('11', 'Be\'lakor', '1');
INSERT INTO `shotgun`.`performer` (`idperformer`, `name`, `type`) VALUES ('12', 'Shylmagoghnar', '1');
INSERT INTO `shotgun`.`performer` (`idperformer`, `name`, `type`) VALUES ('13', 'Red hot chili peppers', '1');
INSERT INTO `shotgun`.`performer` (`idperformer`, `name`, `type`) VALUES ('14', 'Rage against the machine', '1');
INSERT INTO `shotgun`.`performer` (`idperformer`, `name`, `type`) VALUES ('15', 'Tom morello', '1');
INSERT INTO `shotgun`.`performer` (`idperformer`, `name`, `type`) VALUES ('16', 'System of a down', '1');
INSERT INTO `shotgun`.`performer` (`idperformer`, `name`, `type`) VALUES ('17', 'Pantera', '1');
INSERT INTO `shotgun`.`performer` (`idperformer`, `name`, `type`) VALUES ('18', 'Ozzy Osbourne', '2');
INSERT INTO `shotgun`.`performer` (`idperformer`, `name`, `type`) VALUES ('19', 'Rush', '1');
INSERT INTO `shotgun`.`performer` (`idperformer`, `name`, `type`) VALUES ('20', 'Monos Arkhein', '1');

INSERT INTO `shotgun`.`event` (`idevent`, `name`, `type`, `startdt`, `enddt`) VALUES ('1', 'Wacken 2016', '2', '2016-09-22', '2016-10-02');
INSERT INTO `shotgun`.`event` (`idevent`, `name`, `type`, `startdt`, `enddt`) VALUES ('2', 'Wacken 2017', '2', '2017-08-01', '2017-08-18');
INSERT INTO `shotgun`.`event` (`idevent`, `name`, `type`, `startdt`, `enddt`) VALUES ('3', 'Rockstadt Exftreme Fest 2016', '2', '1016-09-12', '2016-09-22');
INSERT INTO `shotgun`.`event` (`idevent`, `name`, `type`, `startdt`, `enddt`) VALUES ('4', 'Rockstadt Extreme fest 2017', '2', '2017-08-20', '2017-09-01');
INSERT INTO `shotgun`.`event` (`idevent`, `name`, `type`, `startdt`, `enddt`) VALUES ('5', 'Rock am ring 2017', '2', '2017-03-15', '2017-03-28');
INSERT INTO `shotgun`.`event` (`idevent`, `name`, `type`, `startdt`, `enddt`) VALUES ('6', 'Metallica in Rio', '1', '2017-06-02', '201-06-02');
INSERT INTO `shotgun`.`event` (`idevent`, `name`, `type`, `startdt`, `enddt`) VALUES ('7', 'The big four', '1', '2017-07-22', '2017-07-22');
INSERT INTO `shotgun`.`event` (`idevent`, `name`, `type`, `startdt`, `enddt`) VALUES ('8', 'Judas Priest anniversary', '3', '2017-02-14', '2017-06-30');
INSERT INTO `shotgun`.`event` (`idevent`, `name`, `type`, `startdt`, `enddt`) VALUES ('9', 'Black Sabbath 30 years', '3', '2017-10-01', '2017-11-29');
INSERT INTO `shotgun`.`event` (`idevent`, `name`, `type`, `startdt`, `enddt`) VALUES ('10', 'Miami fire', '2', '2017-04-20', '2017-05-01');
INSERT INTO `shotgun`.`event` (`idevent`, `name`, `type`, `startdt`, `enddt`) VALUES ('11', 'No escape', '1', '2017-03-10', '2017-03-10');
INSERT INTO `shotgun`.`event` (`idevent`, `name`, `type`, `startdt`, `enddt`) VALUES ('12', 'Christmas in hell 2016', '1', '2016-12-24', '2016-12-24');
INSERT INTO `shotgun`.`event` (`idevent`, `name`, `type`, `startdt`, `enddt`) VALUES ('13', 'Christmas in hell 2017', '1', '2017-12-24', '2017-12-24');
INSERT INTO `shotgun`.`event` (`idevent`, `name`, `type`, `startdt`, `enddt`) VALUES ('14', 'Great Europe Tour', '3', '2017-01-01', '2017-10-01');

INSERT INTO `shotgun`.`performer_event` (`id`, `idevent`, `idperformer`) VALUES ('1', '1', '1');
INSERT INTO `shotgun`.`performer_event` (`id`, `idevent`, `idperformer`) VALUES ('2', '1', '2');
INSERT INTO `shotgun`.`performer_event` (`id`, `idevent`, `idperformer`) VALUES ('3', '1', '3');
INSERT INTO `shotgun`.`performer_event` (`id`, `idevent`, `idperformer`) VALUES ('4', '1', '4');
INSERT INTO `shotgun`.`performer_event` (`id`, `idevent`, `idperformer`) VALUES ('5', '1', '7');
INSERT INTO `shotgun`.`performer_event` (`id`, `idevent`, `idperformer`) VALUES ('6', '1', '17');
INSERT INTO `shotgun`.`performer_event` (`id`, `idevent`, `idperformer`) VALUES ('7', '2', '20');
INSERT INTO `shotgun`.`performer_event` (`id`, `idevent`, `idperformer`) VALUES ('8', '2', '14');
INSERT INTO `shotgun`.`performer_event` (`id`, `idevent`, `idperformer`) VALUES ('9', '2', '16');
INSERT INTO `shotgun`.`performer_event` (`id`, `idevent`, `idperformer`) VALUES ('10', '2', '4');
INSERT INTO `shotgun`.`performer_event` (`id`, `idevent`, `idperformer`) VALUES ('11', '2', '11');
INSERT INTO `shotgun`.`performer_event` (`id`, `idevent`, `idperformer`) VALUES ('12', '3', '1');
INSERT INTO `shotgun`.`performer_event` (`id`, `idevent`, `idperformer`) VALUES ('13', '3', '2');
INSERT INTO `shotgun`.`performer_event` (`id`, `idevent`, `idperformer`) VALUES ('14', '3', '4');
INSERT INTO `shotgun`.`performer_event` (`id`, `idevent`, `idperformer`) VALUES ('15', '3', '7');
INSERT INTO `shotgun`.`performer_event` (`id`, `idevent`, `idperformer`) VALUES ('16', '4', '8');
INSERT INTO `shotgun`.`performer_event` (`id`, `idevent`, `idperformer`) VALUES ('17', '4', '9');
INSERT INTO `shotgun`.`performer_event` (`id`, `idevent`, `idperformer`) VALUES ('18', '4', '10');
INSERT INTO `shotgun`.`performer_event` (`id`, `idevent`, `idperformer`) VALUES ('19', '5', '1');
INSERT INTO `shotgun`.`performer_event` (`id`, `idevent`, `idperformer`) VALUES ('20', '6', '2');
INSERT INTO `shotgun`.`performer_event` (`id`, `idevent`, `idperformer`) VALUES ('21', '7', '1');
INSERT INTO `shotgun`.`performer_event` (`id`, `idevent`, `idperformer`) VALUES ('22', '7', '15');
INSERT INTO `shotgun`.`performer_event` (`id`, `idevent`, `idperformer`) VALUES ('23', '7', '18');
INSERT INTO `shotgun`.`performer_event` (`id`, `idevent`, `idperformer`) VALUES ('24', '8', '3');
INSERT INTO `shotgun`.`performer_event` (`id`, `idevent`, `idperformer`) VALUES ('25', '8', '9');
INSERT INTO `shotgun`.`performer_event` (`id`, `idevent`, `idperformer`) VALUES ('26', '8', '13');
INSERT INTO `shotgun`.`performer_event` (`id`, `idevent`, `idperformer`) VALUES ('27', '8', '6');
INSERT INTO `shotgun`.`performer_event` (`id`, `idevent`, `idperformer`) VALUES ('28', '9', '1');
INSERT INTO `shotgun`.`performer_event` (`id`, `idevent`, `idperformer`) VALUES ('29', '9', '10');
INSERT INTO `shotgun`.`performer_event` (`id`, `idevent`, `idperformer`) VALUES ('30', '9', '13');
INSERT INTO `shotgun`.`performer_event` (`id`, `idevent`, `idperformer`) VALUES ('31', '9', '5');
INSERT INTO `shotgun`.`performer_event` (`id`, `idevent`, `idperformer`) VALUES ('32', '10', '4');
INSERT INTO `shotgun`.`performer_event` (`id`, `idevent`, `idperformer`) VALUES ('33', '10', '2');
INSERT INTO `shotgun`.`performer_event` (`id`, `idevent`, `idperformer`) VALUES ('34', '11', '9');
INSERT INTO `shotgun`.`performer_event` (`id`, `idevent`, `idperformer`) VALUES ('35', '12', '9');
INSERT INTO `shotgun`.`performer_event` (`id`, `idevent`, `idperformer`) VALUES ('36', '13', '19');
INSERT INTO `shotgun`.`performer_event` (`id`, `idevent`, `idperformer`) VALUES ('37', '14', '7');
INSERT INTO `shotgun`.`performer_event` (`id`, `idevent`, `idperformer`) VALUES ('38', '14', '6');
INSERT INTO `shotgun`.`performer_event` (`id`, `idevent`, `idperformer`) VALUES ('39', '14', '5');
INSERT INTO `shotgun`.`performer_event` (`id`, `idevent`, `idperformer`) VALUES ('40', '14', '3');
INSERT INTO `shotgun`.`performer_event` (`id`, `idevent`, `idperformer`) VALUES ('41', '14', '8');
INSERT INTO `shotgun`.`performer_event` (`id`, `idevent`, `idperformer`) VALUES ('42', '14', '20');
INSERT INTO `shotgun`.`performer_event` (`id`, `idevent`, `idperformer`) VALUES ('43', '14', '12');
INSERT INTO `shotgun`.`performer_event` (`id`, `idevent`, `idperformer`) VALUES ('44', '14', '14');

INSERT INTO `shotgun`.`instrument` (`idinstrument`, `name`, `category`) VALUES ('1', 'default', '0');
INSERT INTO `shotgun`.`instrument` (`idinstrument`, `name`, `category`) VALUES ('2', 'guitar', '1');
INSERT INTO `shotgun`.`instrument` (`idinstrument`, `name`, `category`) VALUES ('3', 'bass', '2');
INSERT INTO `shotgun`.`instrument` (`idinstrument`, `name`, `category`) VALUES ('4', 'drums', '3');
INSERT INTO `shotgun`.`instrument` (`idinstrument`, `name`, `category`) VALUES ('5', 'vocals', '4');
INSERT INTO `shotgun`.`instrument` (`idinstrument`, `name`, `category`) VALUES ('6', 'keyboard', '5');


INSERT INTO `shotgun`.`actor` (`idactor`, `name`, `idinstrument`) VALUES ('1', 'James Hetfield', '1');
INSERT INTO `shotgun`.`actor` (`idactor`, `name`, `idinstrument`) VALUES ('2', 'Kirk Hammet', '1');
INSERT INTO `shotgun`.`actor` (`idactor`, `name`, `idinstrument`) VALUES ('3', 'Lars Ulrich', '3');
INSERT INTO `shotgun`.`actor` (`idactor`, `name`, `idinstrument`) VALUES ('4', 'Cliff Burton', '2');
INSERT INTO `shotgun`.`actor` (`idactor`, `name`, `idinstrument`) VALUES ('5', 'Jason Newstead', '2');
INSERT INTO `shotgun`.`actor` (`idactor`, `name`, `idinstrument`) VALUES ('6', 'Robert Trujillo', '3');
INSERT INTO `shotgun`.`actor` (`idactor`, `name`, `idinstrument`) VALUES ('7', 'Geezer Butler', '2');
INSERT INTO `shotgun`.`actor` (`idactor`, `name`, `idinstrument`) VALUES ('8', 'Bill ward', '3');
INSERT INTO `shotgun`.`actor` (`idactor`, `name`, `idinstrument`) VALUES ('9', 'Ozzy Osbourne', '4');
INSERT INTO `shotgun`.`actor` (`idactor`, `name`, `idinstrument`) VALUES ('10', 'Tommi Yommi', '1');
INSERT INTO `shotgun`.`actor` (`idactor`, `name`, `idinstrument`) VALUES ('11', 'Bruce Dickinson', '4');
INSERT INTO `shotgun`.`actor` (`idactor`, `name`, `idinstrument`) VALUES ('12', 'Tobar Iron Maiden', '3');
INSERT INTO `shotgun`.`actor` (`idactor`, `name`, `idinstrument`) VALUES ('13', 'Chitarist Iron Maiden', '1');
INSERT INTO `shotgun`.`actor` (`idactor`, `name`, `idinstrument`) VALUES ('14', 'Steve Harris', '2');
INSERT INTO `shotgun`.`actor` (`idactor`, `name`, `idinstrument`) VALUES ('15', 'Ronnie James Dio', '4');
INSERT INTO `shotgun`.`actor` (`idactor`, `name`, `idinstrument`) VALUES ('17', 'Tobar Judas Priest', '3');
INSERT INTO `shotgun`.`actor` (`idactor`, `name`, `idinstrument`) VALUES ('18', 'Basist Judas Priest', '2');
INSERT INTO `shotgun`.`actor` (`idactor`, `name`, `idinstrument`) VALUES ('19', 'KK Whatever', '1');
INSERT INTO `shotgun`.`actor` (`idactor`, `name`, `idinstrument`) VALUES ('20', 'Other KK Whatever', '1');
INSERT INTO `shotgun`.`actor` (`idactor`, `name`, `idinstrument`) VALUES ('21', 'Shaun Drover', '3');
INSERT INTO `shotgun`.`actor` (`idactor`, `name`, `idinstrument`) VALUES ('22', 'Chrid Adler', '3');
INSERT INTO `shotgun`.`actor` (`idactor`, `name`, `idinstrument`) VALUES ('23', 'Dave Mustaine', '1');
INSERT INTO `shotgun`.`actor` (`idactor`, `name`, `idinstrument`) VALUES ('24', 'Chris Broderick', '1');
INSERT INTO `shotgun`.`actor` (`idactor`, `name`, `idinstrument`) VALUES ('25', 'Kiko Loueiro', '1');
INSERT INTO `shotgun`.`actor` (`idactor`, `name`, `idinstrument`) VALUES ('26', 'Marty Friedman', '1');
INSERT INTO `shotgun`.`actor` (`idactor`, `name`, `idinstrument`) VALUES ('27', 'David Eleffson', '2');
INSERT INTO `shotgun`.`actor` (`idactor`, `name`, `idinstrument`) VALUES ('28', 'Tom Araya', '2');
INSERT INTO `shotgun`.`actor` (`idactor`, `name`, `idinstrument`) VALUES ('29', 'Dav Hanemann', '1');
INSERT INTO `shotgun`.`actor` (`idactor`, `name`, `idinstrument`) VALUES ('30', 'Kerry King', '1');
INSERT INTO `shotgun`.`actor` (`idactor`, `name`, `idinstrument`) VALUES ('31', 'Tom Morello', '1');
INSERT INTO `shotgun`.`actor` (`idactor`, `name`, `idinstrument`) VALUES ('32', 'Tim Commenford', '2');
INSERT INTO `shotgun`.`actor` (`idactor`, `name`, `idinstrument`) VALUES ('33', 'Zack De la Rocha', '4');
INSERT INTO `shotgun`.`actor` (`idactor`, `name`, `idinstrument`) VALUES ('34', 'Cutite', '3');
INSERT INTO `shotgun`.`actor` (`idactor`, `name`, `idinstrument`) VALUES ('35', 'Cascau', '2');
INSERT INTO `shotgun`.`actor` (`idactor`, `name`, `idinstrument`) VALUES ('36', 'Jonny', '1');
INSERT INTO `shotgun`.`actor` (`idactor`, `name`, `idinstrument`) VALUES ('37', 'Sputea', '1');
INSERT INTO `shotgun`.`actor` (`idactor`, `name`, `idinstrument`) VALUES ('38', 'Cioara', '4');
INSERT INTO `shotgun`.`actor` (`idactor`, `name`, `idinstrument`) VALUES ('39', 'Iudit', '5');
INSERT INTO `shotgun`.`actor` (`idactor`, `name`, `idinstrument`) VALUES ('16', 'Rob Halford', '6');


INSERT INTO `shotgun`.`performer_actor` (`id`, `idactor`, `idperformer`) VALUES ('1', '1', '2');
INSERT INTO `shotgun`.`performer_actor` (`id`, `idactor`, `idperformer`) VALUES ('2', '2', '2');
INSERT INTO `shotgun`.`performer_actor` (`id`, `idactor`, `idperformer`) VALUES ('3', '3', '2');
INSERT INTO `shotgun`.`performer_actor` (`id`, `idactor`, `idperformer`) VALUES ('4', '4', '2');
INSERT INTO `shotgun`.`performer_actor` (`id`, `idactor`, `idperformer`) VALUES ('5', '5', '2');
INSERT INTO `shotgun`.`performer_actor` (`id`, `idactor`, `idperformer`) VALUES ('6', '6', '2');
INSERT INTO `shotgun`.`performer_actor` (`id`, `idactor`, `idperformer`) VALUES ('7', '7', '1');
INSERT INTO `shotgun`.`performer_actor` (`id`, `idactor`, `idperformer`) VALUES ('8', '8', '1');
INSERT INTO `shotgun`.`performer_actor` (`id`, `idactor`, `idperformer`) VALUES ('9', '9', '1');
INSERT INTO `shotgun`.`performer_actor` (`id`, `idactor`, `idperformer`) VALUES ('10', '10', '1');
INSERT INTO `shotgun`.`performer_actor` (`id`, `idactor`, `idperformer`) VALUES ('11', '11', '1');
INSERT INTO `shotgun`.`performer_actor` (`id`, `idactor`, `idperformer`) VALUES ('12', '12', '2');
INSERT INTO `shotgun`.`performer_actor` (`id`, `idactor`, `idperformer`) VALUES ('13', '12', '3');
INSERT INTO `shotgun`.`performer_actor` (`id`, `idactor`, `idperformer`) VALUES ('14', '13', '3');
INSERT INTO `shotgun`.`performer_actor` (`id`, `idactor`, `idperformer`) VALUES ('42', '14', '3');
INSERT INTO `shotgun`.`performer_actor` (`id`, `idactor`, `idperformer`) VALUES ('15', '15', '3');
INSERT INTO `shotgun`.`performer_actor` (`id`, `idactor`, `idperformer`) VALUES ('16', '11', '4');
INSERT INTO `shotgun`.`performer_actor` (`id`, `idactor`, `idperformer`) VALUES ('17', '15', '5');
INSERT INTO `shotgun`.`performer_actor` (`id`, `idactor`, `idperformer`) VALUES ('18', '16', '6');
INSERT INTO `shotgun`.`performer_actor` (`id`, `idactor`, `idperformer`) VALUES ('19', '17', '6');
INSERT INTO `shotgun`.`performer_actor` (`id`, `idactor`, `idperformer`) VALUES ('20', '18', '6');
INSERT INTO `shotgun`.`performer_actor` (`id`, `idactor`, `idperformer`) VALUES ('21', '19', '6');
INSERT INTO `shotgun`.`performer_actor` (`id`, `idactor`, `idperformer`) VALUES ('22', '20', '6');
INSERT INTO `shotgun`.`performer_actor` (`id`, `idactor`, `idperformer`) VALUES ('23', '21', '7');
INSERT INTO `shotgun`.`performer_actor` (`id`, `idactor`, `idperformer`) VALUES ('24', '22', '7');
INSERT INTO `shotgun`.`performer_actor` (`id`, `idactor`, `idperformer`) VALUES ('25', '23', '7');
INSERT INTO `shotgun`.`performer_actor` (`id`, `idactor`, `idperformer`) VALUES ('26', '24', '7');
INSERT INTO `shotgun`.`performer_actor` (`id`, `idactor`, `idperformer`) VALUES ('27', '25', '7');
INSERT INTO `shotgun`.`performer_actor` (`id`, `idactor`, `idperformer`) VALUES ('28', '26', '7');
INSERT INTO `shotgun`.`performer_actor` (`id`, `idactor`, `idperformer`) VALUES ('29', '27', '7');
INSERT INTO `shotgun`.`performer_actor` (`id`, `idactor`, `idperformer`) VALUES ('30', '28', '8');
INSERT INTO `shotgun`.`performer_actor` (`id`, `idactor`, `idperformer`) VALUES ('31', '29', '8');
INSERT INTO `shotgun`.`performer_actor` (`id`, `idactor`, `idperformer`) VALUES ('32', '30', '8');
INSERT INTO `shotgun`.`performer_actor` (`id`, `idactor`, `idperformer`) VALUES ('33', '31', '14');
INSERT INTO `shotgun`.`performer_actor` (`id`, `idactor`, `idperformer`) VALUES ('34', '32', '14');
INSERT INTO `shotgun`.`performer_actor` (`id`, `idactor`, `idperformer`) VALUES ('35', '33', '14');
INSERT INTO `shotgun`.`performer_actor` (`id`, `idactor`, `idperformer`) VALUES ('36', '31', '15');
INSERT INTO `shotgun`.`performer_actor` (`id`, `idactor`, `idperformer`) VALUES ('37', '34', '20');
INSERT INTO `shotgun`.`performer_actor` (`id`, `idactor`, `idperformer`) VALUES ('38', '35', '20');
INSERT INTO `shotgun`.`performer_actor` (`id`, `idactor`, `idperformer`) VALUES ('39', '36', '20');
INSERT INTO `shotgun`.`performer_actor` (`id`, `idactor`, `idperformer`) VALUES ('40', '37', '20');
INSERT INTO `shotgun`.`performer_actor` (`id`, `idactor`, `idperformer`) VALUES ('41', '38', '20');
INSERT INTO `shotgun`.`performer_actor` (`id`, `idactor`, `idperformer`) VALUES ('43', '39', '20');
